{"featureset": 10, "trainingaccuracy": 0.7016141197767386, "validationaccuracy": 0.5405792728918389, "iterations": 5, "algorithm": 1}