{"featureset": 11, "trainingaccuracy": 0.8584502438779102, "validationaccuracy": 0.7772665560416352, "iterations": 10, "algorithm": 1}