{"featureset": 10, "trainingaccuracy": 0.7704782018403983, "validationaccuracy": 0.5193845225524212, "iterations": 30, "algorithm": 1}