{"featureset": 12, "trainingaccuracy": 0.9638205863126665, "validationaccuracy": 0.6983205108865088, "iterations": 40, "algorithm": 1}