{"featureset": 12, "trainingaccuracy": 0.9096394629657565, "validationaccuracy": 0.7101121335545834, "iterations": 9, "algorithm": 1}