{"featureset": 12, "trainingaccuracy": 0.8971941469301554, "validationaccuracy": 0.7110423895006789, "iterations": 7, "algorithm": 1}