{"featureset": 12, "trainingaccuracy": 0.8786393121134409, "validationaccuracy": 0.7095841504500427, "iterations": 5, "algorithm": 1}