{"featureset": 1, "trainingaccuracy": 0.9022979836073817, "validationaccuracy": 0.7672851611605571, "iterations": 20, "algorithm": 1}