{"featureset": 11, "trainingaccuracy": 0.8434152964248002, "validationaccuracy": 0.7769648514104691, "iterations": 6, "algorithm": 1}