{"featureset": 1, "trainingaccuracy": 0.8806003922160205, "validationaccuracy": 0.7721124352592146, "iterations": 9, "algorithm": 1}