{"featureset": 10, "trainingaccuracy": 0.7582340222255745, "validationaccuracy": 0.5246392115452305, "iterations": 20, "algorithm": 1}