{"featureset": 1, "trainingaccuracy": 0.8678785136018504, "validationaccuracy": 0.7727409865741439, "iterations": 6, "algorithm": 1}