{"featureset": 11, "trainingaccuracy": 0.8548297883039171, "validationaccuracy": 0.777517976567607, "iterations": 9, "algorithm": 1}