{"featureset": 10, "trainingaccuracy": 0.7821189721928898, "validationaccuracy": 0.5132247196661135, "iterations": 50, "algorithm": 1}