{"featureset": 11, "trainingaccuracy": 0.894679941670438, "validationaccuracy": 0.7664051893196561, "iterations": 50, "algorithm": 1}