{"featureset": 12, "trainingaccuracy": 0.9151204304319405, "validationaccuracy": 0.7102881279227636, "iterations": 10, "algorithm": 1}