{"featureset": 1, "trainingaccuracy": 0.9106200030170463, "validationaccuracy": 0.7641424045859104, "iterations": 30, "algorithm": 1}