{"featureset": 11, "trainingaccuracy": 0.8910594860964449, "validationaccuracy": 0.7692713833157339, "iterations": 40, "algorithm": 1}