{"featureset": 11, "trainingaccuracy": 0.8761251068537236, "validationaccuracy": 0.7752803338864585, "iterations": 20, "algorithm": 1}