{"featureset": 12, "trainingaccuracy": 0.903781364710615, "validationaccuracy": 0.7105898325539297, "iterations": 8, "algorithm": 1}