{"featureset": 1, "trainingaccuracy": 0.8613415799265852, "validationaccuracy": 0.7716598783124654, "iterations": 5, "algorithm": 1}