{"featureset": 12, "trainingaccuracy": 0.9435560919193443, "validationaccuracy": 0.7050837230351485, "iterations": 20, "algorithm": 1}