{"featureset": 10, "trainingaccuracy": 0.733016543470609, "validationaccuracy": 0.5335646402172274, "iterations": 10, "algorithm": 1}