{"featureset": 1, "trainingaccuracy": 0.8769799366420274, "validationaccuracy": 0.7730929753105044, "iterations": 8, "algorithm": 1}