{"featureset": 10, "trainingaccuracy": 0.7776185447779956, "validationaccuracy": 0.5169457434504953, "iterations": 40, "algorithm": 1}