{"featureset": 1, "trainingaccuracy": 0.9155981294312868, "validationaccuracy": 0.7599688238547795, "iterations": 40, "algorithm": 1}