{"featureset": 10, "trainingaccuracy": 0.7283401216875346, "validationaccuracy": 0.5342937597425453, "iterations": 9, "algorithm": 1}