{"featureset": 11, "trainingaccuracy": 0.8519635943078393, "validationaccuracy": 0.7775934027253985, "iterations": 8, "algorithm": 1}