{"featureset": 10, "trainingaccuracy": 0.7177553175441242, "validationaccuracy": 0.53683310705486, "iterations": 7, "algorithm": 1}