{"featureset": 11, "trainingaccuracy": 0.8858299391562328, "validationaccuracy": 0.7718610147332429, "iterations": 30, "algorithm": 1}