{"featureset": 1, "trainingaccuracy": 0.8728314979634937, "validationaccuracy": 0.7731684014682959, "iterations": 7, "algorithm": 1}