{"featureset": 1, "trainingaccuracy": 0.9192940111630713, "validationaccuracy": 0.7566752149645497, "iterations": 50, "algorithm": 1}