{"featureset": 11, "trainingaccuracy": 0.8373560617488812, "validationaccuracy": 0.7757077487806104, "iterations": 5, "algorithm": 1}