{"featureset": 1, "trainingaccuracy": 0.8835168703172928, "validationaccuracy": 0.7718358726806457, "iterations": 10, "algorithm": 1}