{"featureset": 11, "trainingaccuracy": 0.8479911499974858, "validationaccuracy": 0.7778196811987731, "iterations": 7, "algorithm": 1}