{"featureset": 12, "trainingaccuracy": 0.8888972695730879, "validationaccuracy": 0.7105144063961382, "iterations": 6, "algorithm": 1}