{"featureset": 12, "trainingaccuracy": 0.969226127621059, "validationaccuracy": 0.6951274702066677, "iterations": 50, "algorithm": 1}