{"featureset": 10, "trainingaccuracy": 0.7101121335545834, "validationaccuracy": 0.5381153517373158, "iterations": 6, "algorithm": 1}