{"featureset": 12, "trainingaccuracy": 0.95622768642832, "validationaccuracy": 0.7012621310403782, "iterations": 30, "algorithm": 1}