{"featureset": 10, "trainingaccuracy": 0.7231608588525167, "validationaccuracy": 0.5354251521094182, "iterations": 8, "algorithm": 1}