{"featureset": 2, "trainingaccuracy": 0.8937748277769397, "validationaccuracy": 0.7654497913209635, "iterations": 30, "algorithm": 1}