{"featureset": 2, "trainingaccuracy": 0.9014431538190778, "validationaccuracy": 0.7592648463820586, "iterations": 50, "algorithm": 1}