{"featureset": 2, "trainingaccuracy": 0.8684819228641827, "validationaccuracy": 0.771307889576105, "iterations": 10, "algorithm": 1}