{"featureset": 2, "trainingaccuracy": 0.8661185699200483, "validationaccuracy": 0.7710061849449389, "iterations": 9, "algorithm": 1}