{"featureset": 2, "trainingaccuracy": 0.8533966913058783, "validationaccuracy": 0.7703273495248152, "iterations": 6, "algorithm": 1}