{"featureset": 2, "trainingaccuracy": 0.8472620304721677, "validationaccuracy": 0.7695982299994971, "iterations": 5, "algorithm": 1}