{"featureset": 2, "trainingaccuracy": 0.8980238346658621, "validationaccuracy": 0.7622818926937195, "iterations": 40, "algorithm": 1}