{"featureset": 2, "trainingaccuracy": 0.8626489666616383, "validationaccuracy": 0.7708553326293559, "iterations": 8, "algorithm": 1}