{"featureset": 2, "trainingaccuracy": 0.8859807914718157, "validationaccuracy": 0.7682405591592497, "iterations": 20, "algorithm": 1}