{"featureset": 2, "trainingaccuracy": 0.8585005279831045, "validationaccuracy": 0.7705033438929955, "iterations": 7, "algorithm": 1}