{"featureset": 3, "trainingaccuracy": 0.4821994267612008, "validationaccuracy": 0.47923266455473423, "iterations": 30, "algorithm": 1}