{"featureset": 3, "trainingaccuracy": 0.47573791924372705, "validationaccuracy": 0.4726203047216775, "iterations": 6, "algorithm": 1}