{"featureset": 3, "trainingaccuracy": 0.4829788303917132, "validationaccuracy": 0.4798612158696636, "iterations": 40, "algorithm": 1}