{"featureset": 3, "trainingaccuracy": 0.476743601347614, "validationaccuracy": 0.4735757027203701, "iterations": 7, "algorithm": 1}