{"featureset": 3, "trainingaccuracy": 0.47805098808266705, "validationaccuracy": 0.4748328053502288, "iterations": 10, "algorithm": 1}