{"featureset": 3, "trainingaccuracy": 0.4769698798209886, "validationaccuracy": 0.47412882787750793, "iterations": 8, "algorithm": 1}