{"featureset": 3, "trainingaccuracy": 0.48106803439432794, "validationaccuracy": 0.4774475788203349, "iterations": 20, "algorithm": 1}