{"featureset": 3, "trainingaccuracy": 0.4746819530346458, "validationaccuracy": 0.47234374214310854, "iterations": 5, "algorithm": 1}