{"featureset": 3, "trainingaccuracy": 0.4844119273897521, "validationaccuracy": 0.4808920400261477, "iterations": 50, "algorithm": 1}