{"featureset": 3, "trainingaccuracy": 0.4776487152411123, "validationaccuracy": 0.4741791119827023, "iterations": 9, "algorithm": 1}