{"featureset": 4, "trainingaccuracy": 0.6476844169558003, "validationaccuracy": 0.6299089857695982, "iterations": 7, "algorithm": 1}