{"featureset": 4, "trainingaccuracy": 0.6629205008296878, "validationaccuracy": 0.6376024538643335, "iterations": 50, "algorithm": 1}