{"featureset": 4, "trainingaccuracy": 0.6572383969427265, "validationaccuracy": 0.6363202091818776, "iterations": 20, "algorithm": 1}