{"featureset": 4, "trainingaccuracy": 0.6459998994317896, "validationaccuracy": 0.6284507467189622, "iterations": 6, "algorithm": 1}