{"featureset": 4, "trainingaccuracy": 0.6613616935686629, "validationaccuracy": 0.6372756071805702, "iterations": 40, "algorithm": 1}