{"featureset": 4, "trainingaccuracy": 0.6493186503746166, "validationaccuracy": 0.63131694071504, "iterations": 8, "algorithm": 1}