{"featureset": 4, "trainingaccuracy": 0.6597023180972494, "validationaccuracy": 0.6369236184442097, "iterations": 30, "algorithm": 1}