{"featureset": 4, "trainingaccuracy": 0.6506511791622668, "validationaccuracy": 0.6318952079247749, "iterations": 9, "algorithm": 1}