{"featureset": 4, "trainingaccuracy": 0.6441142454870016, "validationaccuracy": 0.6265148086689797, "iterations": 5, "algorithm": 1}