{"featureset": 4, "trainingaccuracy": 0.6516317192135566, "validationaccuracy": 0.6321717705033439, "iterations": 10, "algorithm": 1}