{"featureset": 5, "trainingaccuracy": 0.7238899783778348, "validationaccuracy": 0.6948257655755016, "iterations": 7, "algorithm": 1}