{"featureset": 5, "trainingaccuracy": 0.7274601498466334, "validationaccuracy": 0.6962840046261377, "iterations": 10, "algorithm": 1}