{"featureset": 5, "trainingaccuracy": 0.7265550359531352, "validationaccuracy": 0.6959320158897773, "iterations": 9, "algorithm": 1}