{"featureset": 5, "trainingaccuracy": 0.7341982199426761, "validationaccuracy": 0.6981948006235229, "iterations": 20, "algorithm": 1}