{"featureset": 5, "trainingaccuracy": 0.7397043294614573, "validationaccuracy": 0.697490823150802, "iterations": 50, "algorithm": 1}