{"featureset": 5, "trainingaccuracy": 0.7254990697440539, "validationaccuracy": 0.6954794589430281, "iterations": 8, "algorithm": 1}