{"featureset": 5, "trainingaccuracy": 0.7369638457283653, "validationaccuracy": 0.6977673857293709, "iterations": 30, "algorithm": 1}