{"featureset": 5, "trainingaccuracy": 0.73852265298939, "validationaccuracy": 0.6977673857293709, "iterations": 40, "algorithm": 1}