{"featureset": 5, "trainingaccuracy": 0.7221551767486297, "validationaccuracy": 0.6939206516820033, "iterations": 6, "algorithm": 1}