{"featureset": 5, "trainingaccuracy": 0.7195152612259265, "validationaccuracy": 0.6931915321566853, "iterations": 5, "algorithm": 1}