{"featureset": 6, "trainingaccuracy": 0.5805299944687484, "validationaccuracy": 0.5736410720571228, "iterations": 7, "algorithm": 1}