{"featureset": 6, "trainingaccuracy": 0.5841504500427415, "validationaccuracy": 0.5762307034746317, "iterations": 50, "algorithm": 1}