{"featureset": 6, "trainingaccuracy": 0.5835218987278121, "validationaccuracy": 0.5760044250012571, "iterations": 40, "algorithm": 1}