{"featureset": 6, "trainingaccuracy": 0.5832453361492432, "validationaccuracy": 0.5760547091064514, "iterations": 30, "algorithm": 1}