{"featureset": 6, "trainingaccuracy": 0.5815859606778297, "validationaccuracy": 0.5737164982149142, "iterations": 10, "algorithm": 1}