{"featureset": 6, "trainingaccuracy": 0.580756272942123, "validationaccuracy": 0.5737164982149142, "iterations": 8, "algorithm": 1}