{"featureset": 6, "trainingaccuracy": 0.5831950520440489, "validationaccuracy": 0.5754512998441192, "iterations": 20, "algorithm": 1}