{"featureset": 6, "trainingaccuracy": 0.5800522954694021, "validationaccuracy": 0.5730125207421934, "iterations": 5, "algorithm": 1}