{"featureset": 6, "trainingaccuracy": 0.5806808467843315, "validationaccuracy": 0.5729873786895963, "iterations": 6, "algorithm": 1}