{"featureset": 6, "trainingaccuracy": 0.581057977573289, "validationaccuracy": 0.5737667823201086, "iterations": 9, "algorithm": 1}