{"featureset": 7, "trainingaccuracy": 0.7192889827525519, "validationaccuracy": 0.6942474983657666, "iterations": 7, "algorithm": 1}