{"featureset": 7, "trainingaccuracy": 0.7200432443304672, "validationaccuracy": 0.6952783225222507, "iterations": 8, "algorithm": 1}