{"featureset": 7, "trainingaccuracy": 0.7210992105395484, "validationaccuracy": 0.6956805953638056, "iterations": 9, "algorithm": 1}