{"featureset": 7, "trainingaccuracy": 0.7160708000201137, "validationaccuracy": 0.6931161059988937, "iterations": 5, "algorithm": 1}