{"featureset": 7, "trainingaccuracy": 0.7279127067933826, "validationaccuracy": 0.6954794589430281, "iterations": 50, "algorithm": 1}