{"featureset": 7, "trainingaccuracy": 0.7213757731181174, "validationaccuracy": 0.6955297430482225, "iterations": 10, "algorithm": 1}