{"featureset": 7, "trainingaccuracy": 0.72811384321416, "validationaccuracy": 0.6954040327852365, "iterations": 40, "algorithm": 1}