{"featureset": 7, "trainingaccuracy": 0.7262281892693719, "validationaccuracy": 0.6965102830995122, "iterations": 20, "algorithm": 1}