{"featureset": 7, "trainingaccuracy": 0.7182078744908734, "validationaccuracy": 0.6934932367878514, "iterations": 6, "algorithm": 1}