{"featureset": 7, "trainingaccuracy": 0.7268818826368985, "validationaccuracy": 0.6961080102579574, "iterations": 30, "algorithm": 1}