{"featureset": 9, "trainingaccuracy": 0.6652335696686278, "validationaccuracy": 0.5992608236536431, "iterations": 7, "algorithm": 1}