{"featureset": 9, "trainingaccuracy": 0.6692060139789813, "validationaccuracy": 0.5980540051289788, "iterations": 10, "algorithm": 1}