{"featureset": 9, "trainingaccuracy": 0.6603811535173731, "validationaccuracy": 0.6002413637049329, "iterations": 5, "algorithm": 1}