{"featureset": 9, "trainingaccuracy": 0.6787599939659074, "validationaccuracy": 0.5856338311459748, "iterations": 40, "algorithm": 1}