{"featureset": 9, "trainingaccuracy": 0.6631216372504651, "validationaccuracy": 0.5997133806003923, "iterations": 6, "algorithm": 1}