{"featureset": 9, "trainingaccuracy": 0.677704027756826, "validationaccuracy": 0.5886257354050385, "iterations": 30, "algorithm": 1}