{"featureset": 9, "trainingaccuracy": 0.6684266103484688, "validationaccuracy": 0.5979282948659929, "iterations": 9, "algorithm": 1}