{"featureset": 9, "trainingaccuracy": 0.6669432292452356, "validationaccuracy": 0.5984814200231307, "iterations": 8, "algorithm": 1}