{"featureset": 9, "trainingaccuracy": 0.6791622668074622, "validationaccuracy": 0.5836978930959924, "iterations": 50, "algorithm": 1}