{"featureset": 9, "trainingaccuracy": 0.6747624076029567, "validationaccuracy": 0.5925730376627948, "iterations": 20, "algorithm": 1}