{"featureset": 1, "trainingaccuracy": 0.7859908482928546, "validationaccuracy": 0.6982702267813145, "iterations": 300, "algorithm": 3}