{"featureset": 1, "trainingaccuracy": 0.8016794891134912, "validationaccuracy": 0.7046060240358023, "iterations": 500, "algorithm": 3}