{"featureset": 11, "trainingaccuracy": 0.699803891989742, "validationaccuracy": 0.6806205058580983, "iterations": 200, "algorithm": 3}