{"featureset": 1, "trainingaccuracy": 0.7502388494996731, "validationaccuracy": 0.6954040327852365, "iterations": 100, "algorithm": 3}