{"featureset": 11, "trainingaccuracy": 0.7434504952984362, "validationaccuracy": 0.6890933775833459, "iterations": 500, "algorithm": 3}