{"featureset": 1, "trainingaccuracy": 0.7575803288580479, "validationaccuracy": 0.6889425252677629, "iterations": 200, "algorithm": 3}