{"featureset": 10, "trainingaccuracy": 0.579750590838236, "validationaccuracy": 0.4795846532910947, "iterations": 100, "algorithm": 3}