{"featureset": 12, "trainingaccuracy": 0.8157590385679087, "validationaccuracy": 0.6712173781867552, "iterations": 200, "algorithm": 3}