{"featureset": 10, "trainingaccuracy": 0.6353396691305878, "validationaccuracy": 0.4704580881983205, "iterations": 200, "algorithm": 3}