{"featureset": 11, "trainingaccuracy": 0.7893598833408759, "validationaccuracy": 0.6839141147483281, "iterations": 400, "algorithm": 3}