{"featureset": 11, "trainingaccuracy": 0.7253985015336653, "validationaccuracy": 0.6902499120028159, "iterations": 100, "algorithm": 3}