{"featureset": 11, "trainingaccuracy": 0.7727912706793383, "validationaccuracy": 0.676824055915925, "iterations": 300, "algorithm": 3}