{"featureset": 1, "trainingaccuracy": 0.822170261980188, "validationaccuracy": 0.698496505254689, "iterations": 400, "algorithm": 3}