{"featureset": 12, "trainingaccuracy": 0.7730929753105044, "validationaccuracy": 0.6669683712978327, "iterations": 100, "algorithm": 3}