{"featureset": 2, "trainingaccuracy": 0.7672600191079599, "validationaccuracy": 0.7183838688590537, "iterations": 500, "algorithm": 3}