{"featureset": 2, "trainingaccuracy": 0.7491325991853975, "validationaccuracy": 0.7040780409312616, "iterations": 200, "algorithm": 3}