{"featureset": 2, "trainingaccuracy": 0.7348016292050082, "validationaccuracy": 0.7059636948760497, "iterations": 100, "algorithm": 3}