{"featureset": 2, "trainingaccuracy": 0.8013023583245337, "validationaccuracy": 0.7134560265500075, "iterations": 400, "algorithm": 3}