{"featureset": 2, "trainingaccuracy": 0.7173279026499724, "validationaccuracy": 0.7065168200331875, "iterations": 300, "algorithm": 3}