{"featureset": 3, "trainingaccuracy": 0.28033388645849044, "validationaccuracy": 0.284457183084427, "iterations": 500, "algorithm": 3}