{"featureset": 3, "trainingaccuracy": 0.244003620455574, "validationaccuracy": 0.2734198219942676, "iterations": 400, "algorithm": 3}