{"featureset": 3, "trainingaccuracy": 0.2037260521949012, "validationaccuracy": 0.2631115804294263, "iterations": 200, "algorithm": 3}