{"featureset": 3, "trainingaccuracy": 0.18798712726907024, "validationaccuracy": 0.21722733443958364, "iterations": 100, "algorithm": 3}