{"featureset": 3, "trainingaccuracy": 0.3119374465731382, "validationaccuracy": 0.29101925881228946, "iterations": 300, "algorithm": 3}