{"featureset": 4, "trainingaccuracy": 0.5238849499673154, "validationaccuracy": 0.45524714637703023, "iterations": 500, "algorithm": 3}