{"featureset": 4, "trainingaccuracy": 0.37484286217126767, "validationaccuracy": 0.4739779755619249, "iterations": 300, "algorithm": 3}