{"featureset": 4, "trainingaccuracy": 0.41843918137476743, "validationaccuracy": 0.4498416050686378, "iterations": 200, "algorithm": 3}