{"featureset": 4, "trainingaccuracy": 0.48353195554885103, "validationaccuracy": 0.46993010509377986, "iterations": 400, "algorithm": 3}