{"featureset": 4, "trainingaccuracy": 0.5205913410770855, "validationaccuracy": 0.4256298084175592, "iterations": 100, "algorithm": 3}