{"featureset": 5, "trainingaccuracy": 0.5766078342635893, "validationaccuracy": 0.5466133655151607, "iterations": 500, "algorithm": 3}