{"featureset": 5, "trainingaccuracy": 0.5506360939307084, "validationaccuracy": 0.5604666364962035, "iterations": 300, "algorithm": 3}