{"featureset": 5, "trainingaccuracy": 0.6138180721074068, "validationaccuracy": 0.5376627947905667, "iterations": 400, "algorithm": 3}