{"featureset": 5, "trainingaccuracy": 0.5388444712626339, "validationaccuracy": 0.541031829838588, "iterations": 200, "algorithm": 3}