{"featureset": 5, "trainingaccuracy": 0.529039070749736, "validationaccuracy": 0.5019107959973852, "iterations": 100, "algorithm": 3}