{"featureset": 6, "trainingaccuracy": 0.4364660330869412, "validationaccuracy": 0.4053150299190426, "iterations": 200, "algorithm": 3}