{"featureset": 6, "trainingaccuracy": 0.43933222708301906, "validationaccuracy": 0.41695580027153417, "iterations": 400, "algorithm": 3}