{"featureset": 6, "trainingaccuracy": 0.3722783728063559, "validationaccuracy": 0.41300849801377787, "iterations": 100, "algorithm": 3}