{"featureset": 6, "trainingaccuracy": 0.40435963192034996, "validationaccuracy": 0.4221602051591492, "iterations": 300, "algorithm": 3}