{"featureset": 6, "trainingaccuracy": 0.3908583496756675, "validationaccuracy": 0.4005631819781767, "iterations": 500, "algorithm": 3}