{"featureset": 7, "trainingaccuracy": 0.5965957660783426, "validationaccuracy": 0.5680092522753558, "iterations": 200, "algorithm": 3}