{"featureset": 7, "trainingaccuracy": 0.5930004525569468, "validationaccuracy": 0.5798008749434304, "iterations": 400, "algorithm": 3}