{"featureset": 7, "trainingaccuracy": 0.5733393674259567, "validationaccuracy": 0.5841001659375471, "iterations": 100, "algorithm": 3}