{"featureset": 7, "trainingaccuracy": 0.5871674963544024, "validationaccuracy": 0.5793986021018755, "iterations": 300, "algorithm": 3}