{"featureset": 7, "trainingaccuracy": 0.5817619550460099, "validationaccuracy": 0.5682103886961332, "iterations": 500, "algorithm": 3}