{"featureset": 9, "trainingaccuracy": 0.5992608236536431, "validationaccuracy": 0.5125961683511842, "iterations": 300, "algorithm": 3}