{"featureset": 9, "trainingaccuracy": 0.5687383718006738, "validationaccuracy": 0.5099562528284809, "iterations": 500, "algorithm": 3}