{"featureset": 9, "trainingaccuracy": 0.5493789913008498, "validationaccuracy": 0.510836224669382, "iterations": 200, "algorithm": 3}