{"featureset": 9, "trainingaccuracy": 0.45431689043093476, "validationaccuracy": 0.5216975913913612, "iterations": 400, "algorithm": 3}