{"featureset": 9, "trainingaccuracy": 0.583345904359632, "validationaccuracy": 0.4863981495449288, "iterations": 100, "algorithm": 3}